{"cameraMode":{"drawMode":0,"name":"Shaded","section":"Shading Mode"},"sceneLighting":false,"audioPlay":false,"sceneViewState":{"m_AlwaysRefresh":false,"showFog":true,"showSkybox":false,"showFlares":true,"showImageEffects":true,"showParticleSystems":true,"showVisualEffectGraphs":true,"m_FxEnabled":true},"in2DMode":false,"pivot":{"x":19.653867721557618,"y":-3.2439937591552736,"z":-17.486778259277345},"rotation":{"x":0.6612817645072937,"y":-0.20161694288253785,"z":0.1913684457540512,"w":0.6967197060585022},"size":0.7835615873336792,"orthographic":false}