{"cameraMode":{"drawMode":0,"name":"Shaded","section":"Shading Mode"},"sceneLighting":false,"audioPlay":false,"sceneViewState":{"m_AlwaysRefresh":false,"showFog":true,"showSkybox":false,"showFlares":true,"showImageEffects":true,"showParticleSystems":true,"showVisualEffectGraphs":true,"m_FxEnabled":true},"in2DMode":false,"pivot":{"x":-1.061058521270752,"y":0.4544084668159485,"z":0.3301890194416046},"rotation":{"x":0.0466449074447155,"y":0.9527460336685181,"z":-0.2289242446422577,"w":0.19410887360572816},"size":0.30856406688690188,"orthographic":false}