{"cameraMode":{"drawMode":0,"name":"Shaded","section":"Shading Mode"},"sceneLighting":false,"audioPlay":false,"sceneViewState":{"m_AlwaysRefresh":false,"showFog":true,"showSkybox":false,"showFlares":true,"showImageEffects":true,"showParticleSystems":true,"showVisualEffectGraphs":true,"m_FxEnabled":true},"in2DMode":false,"pivot":{"x":0.2060297727584839,"y":0.40407872200012209,"z":1.2039669752120972},"rotation":{"x":0.09301742911338806,"y":0.9008586406707764,"z":-0.23946203291416169,"w":0.3499132990837097},"size":1.2260005474090577,"orthographic":false}